GL0080	大方廣佛華嚴經	1	14	31	37	14
GL0080	大方廣佛華嚴經	2	14	38	45	14
GL0080	大方廣佛華嚴經	3	14	45	53	14
GL0080	大方廣佛華嚴經	4	14	53	60	14
GL0080	大方廣佛華嚴經	5	14	61	68	14
GL0080	大方廣佛華嚴經	6	14	68	75	14
GL0080	大方廣佛華嚴經	7	14	75	83	14
GL0080	大方廣佛華嚴經	8	14	83	90	14
GL0080	大方廣佛華嚴經	9	14	90	97	14
GL0080	大方廣佛華嚴經	10	14	97	104	14
GL0080	大方廣佛華嚴經	11	14	105	111	14
GL0080	大方廣佛華嚴經	12	14	112	118	14
GL0080	大方廣佛華嚴經	13	14	118	125	14
GL0080	大方廣佛華嚴經	14	14	126	134	14
GL0080	大方廣佛華嚴經	15	14	134	142	14
GL0080	大方廣佛華嚴經	16	14	142	149	14
GL0080	大方廣佛華嚴經	17	14	149	156	14
GL0080	大方廣佛華嚴經	18	14	157	163	14
GL0080	大方廣佛華嚴經	19	14	164	171	14
GL0080	大方廣佛華嚴經	20	14	172	178	14
GL0080	大方廣佛華嚴經	21	14	178	185	14
GL0080	大方廣佛華嚴經	22	14	185	191	14
GL0080	大方廣佛華嚴經	23	14	192	199	14
GL0080	大方廣佛華嚴經	24	14	199	205	14
GL0080	大方廣佛華嚴經	25	14	206	213	14
GL0080	大方廣佛華嚴經	26	14	214	220	14
GL0080	大方廣佛華嚴經	27	14	220	227	14
GL0080	大方廣佛華嚴經	28	14	227	235	14
GL0080	大方廣佛華嚴經	29	14	235	240	14
GL0080	大方廣佛華嚴經	30	14	240	246	14
GL0080	大方廣佛華嚴經	31	14	246	253	14
GL0080	大方廣佛華嚴經	32	14	253	260	14
GL0080	大方廣佛華嚴經	33	14	260	267	14
GL0080	大方廣佛華嚴經	34	14	267	373	14
GL0080	大方廣佛華嚴經	35	14	274	280	14
GL0080	大方廣佛華嚴經	36	14	280	286	14
GL0080	大方廣佛華嚴經	37	14	286	292	14
GL0080	大方廣佛華嚴經	38	14	293	299	14
GL0080	大方廣佛華嚴經	39	14	299	306	14
GL0080	大方廣佛華嚴經	40	14	307	313	14
GL0080	大方廣佛華嚴經	41	14	314	319	14
GL0080	大方廣佛華嚴經	42	14	319	326	14
GL0080	大方廣佛華嚴經	43	14	326	333	14
GL0080	大方廣佛華嚴經	44	14	333	340	14
GL0080	大方廣佛華嚴經	45	14	340	347	14
GL0080	大方廣佛華嚴經	46	14	347	354	14
GL0080	大方廣佛華嚴經	47	14	354	362	14
GL0080	大方廣佛華嚴經	48	14	362	368	14
GL0080	大方廣佛華嚴經	49	14	369	375	14
GL0080	大方廣佛華嚴經	50	14	376	381	14
GL0080	大方廣佛華嚴經	51	14	381	388	14
GL0080	大方廣佛華嚴經	52	14	388	395	14
GL0080	大方廣佛華嚴經	53	14	395	402	14
GL0080	大方廣佛華嚴經	54	14	403	410	14
GL0080	大方廣佛華嚴經	55	14	410	418	14
GL0080	大方廣佛華嚴經	56	14	418	426	14
GL0080	大方廣佛華嚴經	57	14	426	433	14
GL0080	大方廣佛華嚴經	58	14	433	440	14
GL0080	大方廣佛華嚴經	59	14	441	447	14
GL0080	大方廣佛華嚴經	60	14	448	454	14
